City_ID,City,Lat,Lng,Max Temp,Humidity,Cloudiness,Wind Speed,Country,Date
0,iqaluit,63.7506,-68.5145,29.93,100,100,6.91,CA,1682409100
1,adamstown,-25.066,-130.1015,76.95,88,96,11.56,PN,1682409100
2,tvoroyri,61.5556,-6.8111,36.54,64,92,20.45,FO,1682408993
3,happy valley-goose bay,53.3168,-60.3315,32.31,80,20,5.75,CA,1682409101
4,sabang,5.8933,95.3214,84.92,74,95,15.19,ID,1682409102
5,camarinas,43.1311,-9.1817,62.19,88,100,14.56,ES,1682409103
6,sitka,57.0531,-135.33,35.49,87,20,8.05,US,1682409104
7,edinburgh of the seven seas,-37.0676,-12.3116,62.1,72,100,30.71,SH,1682409105
8,maracaju,-21.6144,-55.1683,65.05,99,35,4.92,BR,1682409105
9,blackmans bay,-43.0167,147.3167,62.73,74,0,4.47,AU,1682409106
10,kapa'a,22.0752,-159.319,73.38,90,100,9.22,US,1682409106
11,peschanokopskoye,46.1961,41.0775,54.37,78,84,17.94,RU,1682409107
12,ramtek,21.4,79.3333,93.96,26,100,5.7,IN,1682409108
13,wailua homesteads,22.0669,-159.378,72.03,90,100,9.22,US,1682409108
14,paso de los toros,-32.8167,-56.5167,62.58,72,100,3.96,UY,1682409109
15,emerald,-23.5333,148.1667,77.34,42,25,16.69,AU,1682408894
16,vorgashor,67.5833,63.95,23.47,88,90,6.89,RU,1682409110
17,grytviken,-54.2811,-36.5092,36.5,92,63,8.77,GS,1682409111
18,margaret river,-33.95,115.0667,56.48,87,100,20.89,AU,1682409001
19,college,64.8569,-147.8028,19.72,51,40,9.22,US,1682409113
20,port mathurin,-19.6833,63.4167,79.03,80,36,20.24,MU,1682409113
21,west island,-12.1568,96.8225,84.18,74,75,19.57,CC,1682409098
22,usogorsk,63.4106,48.6872,36.48,95,100,4.5,RU,1682409114
23,utrik,11.2278,169.8474,80.83,83,100,20.42,MH,1682409115
24,isafjordur,66.0755,-23.124,30.24,59,20,18.41,IS,1682409116
25,tocopilla,-22.092,-70.1979,66.83,75,14,7.0,CL,1682409116
26,ushuaia,-54.8,-68.3,38.86,87,40,5.75,AR,1682409079
27,olonkinbyen,70.9221,-8.7187,25.54,79,95,15.68,SJ,1682409117
28,guarapuava,-25.3953,-51.4581,51.82,98,44,3.69,BR,1682409118
29,longyearbyen,78.2186,15.6401,19.24,68,20,6.91,SJ,1682409119
30,hermanus,-34.4187,19.2345,62.8,75,9,2.62,ZA,1682409119
31,tiksi,71.6872,128.8694,17.92,90,100,11.12,RU,1682409120
32,saldanha,-33.0117,17.9442,59.05,75,1,5.99,ZA,1682409120
33,lihue,21.9789,-159.3672,72.64,91,100,9.22,US,1682409121
34,georgetown,5.4112,100.3354,91.35,62,20,9.22,MY,1682409006
35,bilibino,68.0546,166.4372,18.57,78,10,2.62,RU,1682409122
36,port-aux-francais,-49.35,70.2167,40.57,70,75,14.41,TF,1682409123
37,vernon,50.2581,-119.2691,50.76,66,56,1.14,CA,1682409124
38,bridgewater,44.3835,-64.5155,40.68,85,100,9.22,CA,1682409124
39,jamestown,42.097,-79.2353,36.99,93,100,3.44,US,1682408922
40,port alfred,-33.5906,26.891,70.18,81,99,3.0,ZA,1682409125
41,melekeok village,7.4957,134.6367,84.76,74,75,4.61,PW,1682409126
42,devils lake,48.1128,-98.8651,26.94,86,0,5.75,US,1682409127
43,noosa heads,-26.3833,153.15,72.1,64,34,19.62,AU,1682408872
44,bethel,41.3712,-73.414,45.0,80,75,3.44,US,1682408921
45,sumbawanga,-7.9667,31.6167,70.03,70,14,3.15,TZ,1682409128
46,puerto natales,-51.7236,-72.4875,43.9,74,99,14.56,CL,1682409129
47,kruisfontein,-34.0033,24.7314,64.89,76,100,2.57,ZA,1682409130
48,port elizabeth,-33.918,25.5701,67.32,80,75,3.44,ZA,1682409130
49,zaozersk,69.4005,32.4476,29.1,76,4,21.07,RU,1682409131
50,waitangi,-43.9535,-176.5597,56.82,77,91,14.0,NZ,1682409132
51,ribeira grande,38.5167,-28.7,63.0,94,75,13.8,PT,1682409132
52,badger,64.8,-147.5333,19.65,50,40,9.22,US,1682409133
53,thompson,55.7435,-97.8558,26.76,63,0,4.61,CA,1682409133
54,tazovsky,67.4667,78.7,29.97,87,99,9.95,RU,1682409134
55,quellon,-43.1167,-73.6167,53.85,94,100,0.0,CL,1682409135
56,aripuana,-9.1667,-60.6333,70.45,99,100,1.81,BR,1682409135
57,san patricio,28.017,-97.5169,71.44,91,95,11.03,US,1682409136
58,anadyr,64.75,177.4833,19.9,68,0,2.24,RU,1682409137
59,hawaiian paradise park,19.5933,-154.9731,72.91,90,0,0.0,US,1682409137
60,tonghae,37.5439,129.1069,52.54,74,100,9.19,KR,1682409138
61,waris aliganj,25.0167,85.6333,99.34,15,53,7.16,IN,1682409138
62,buinsk,54.95,48.2833,61.56,56,100,13.22,RU,1682409139
63,tura,25.5198,90.2201,91.42,27,41,6.46,IN,1682409140
64,as samawah,31.332,45.2944,83.1,27,0,10.18,IQ,1682409140
65,ust-nera,64.5667,143.2,30.16,87,88,5.08,RU,1682409141
66,new norfolk,-42.7826,147.0587,63.9,56,28,3.42,AU,1682409142
67,ilulissat,69.2167,-51.1,30.22,74,71,2.3,GL,1682409142
68,saipan,15.1355,145.701,84.9,100,40,18.41,MP,1682409143
69,namibe,-15.1961,12.1522,78.04,63,40,4.27,AO,1682409143
70,talnakh,69.4865,88.3972,38.21,94,31,6.42,RU,1682409144
71,yellowknife,62.456,-114.3525,36.12,69,20,11.5,CA,1682409145
72,sechura,-5.5569,-80.8222,77.59,75,88,7.38,PE,1682409145
73,les avirons,-21.2418,55.3394,76.39,78,100,10.36,RE,1682409146
74,ostersund,63.1792,14.6357,28.62,100,75,9.22,SE,1682409147
75,awjilah,29.1081,21.2869,78.76,32,3,8.63,LY,1682409147
76,puerto ayora,-0.7393,-90.3518,72.55,97,5,4.45,EC,1682409148
77,belmonte,-15.8631,-38.8828,71.29,95,72,8.21,BR,1682408873
78,stanley,54.868,-1.6985,40.78,72,0,9.22,GB,1682409149
79,zeribet el oued,34.6828,6.5111,81.97,27,4,8.1,DZ,1682409150
80,vostochnyy,55.8167,37.8667,64.58,51,7,8.23,RU,1682409150
81,poronaysk,49.2167,143.1167,44.78,43,54,12.5,RU,1682409151
82,richards bay,-28.783,32.0377,76.86,73,97,8.48,ZA,1682409152
83,gadzhiyevo,69.2551,33.3362,29.71,73,0,21.99,RU,1682408970
84,rawson,-43.3002,-65.1023,61.41,31,100,6.44,AR,1682408935
85,bredasdorp,-34.5322,20.0403,63.61,66,90,2.06,ZA,1682409154
86,punta arenas,-53.15,-70.9167,41.11,87,20,14.97,CL,1682409155
87,atafu village,-8.5421,-172.5159,83.7,76,45,12.26,TK,1682409155
88,alghero,40.5589,8.3181,62.69,82,20,10.36,IT,1682408912
89,nemuro,43.3236,145.575,41.2,75,11,9.1,JP,1682409156
90,hasaki,35.7333,140.8333,61.21,52,100,14.88,JP,1682409157
91,mpraeso,6.5932,-0.7346,77.79,80,90,3.47,GH,1682409158
92,riohacha,11.5444,-72.9072,76.28,80,25,5.32,CO,1682409158
93,labytnangi,66.6572,66.4183,30.76,79,100,7.63,RU,1682409159
94,zhezqazghan,47.7833,67.7667,66.78,22,0,20.13,KZ,1682409160
95,gore,-46.1028,168.9436,45.72,98,100,12.8,NZ,1682409160
96,krasnoyarsk,56.0097,92.7917,32.65,53,100,17.94,RU,1682409097
97,albany,42.6001,-73.9662,38.52,85,20,1.99,US,1682409069
98,filingue,14.3521,3.3168,92.62,15,4,3.8,NE,1682409162
99,semnan,35.5729,53.3971,82.04,17,17,9.26,IR,1682409163
100,susuman,62.7833,148.1667,27.28,82,87,5.88,RU,1682409163
101,balabac,7.9868,117.0645,85.91,69,14,10.63,PH,1682408998
102,hamilton,39.1834,-84.5333,38.97,78,0,8.05,US,1682408935
103,yongchuan,29.3514,105.8947,67.66,54,99,4.54,CN,1682409165
104,fort bragg,35.139,-79.006,46.45,97,0,0.0,US,1682408929
105,lorengau,-2.0226,147.2712,82.56,77,100,7.09,PG,1682409166
106,lerwick,60.1545,-1.1494,39.2,55,78,19.22,GB,1682408952
107,fort mcmurray,56.7268,-111.381,36.99,100,20,5.75,CA,1682409168
108,saint augustine beach,29.8505,-81.2654,70.0,94,76,6.91,US,1682409168
109,geraldton,-28.7667,114.6,66.61,55,75,11.5,AU,1682408993
110,guerrero negro,27.9769,-114.0611,59.04,80,73,11.63,MX,1682408648
111,umba,66.6871,34.3429,31.78,80,60,4.27,RU,1682409170
112,pisco,-13.7,-76.2167,68.05,83,9,2.3,PE,1682408977
113,iskateley,67.6803,53.1512,29.05,84,6,12.44,RU,1682409171
114,redencao,-4.2258,-38.7306,73.11,89,29,0.51,BR,1682409172
115,constantia,44.1833,28.65,57.88,75,58,17.2,RO,1682409172
116,oum hadjer,13.2954,19.6966,97.09,21,41,12.59,TD,1682409173
117,armacao de buzios,-22.7469,-41.8817,68.05,86,20,2.82,BR,1682408939
118,prado,-17.3411,-39.2208,71.04,94,62,6.73,BR,1682409175
119,cam ranh,11.9214,109.1591,87.76,74,20,14.97,VN,1682409175
120,nar'yan-mar,67.6713,53.087,29.17,84,6,12.5,RU,1682409177
121,al minya,28.1099,30.7503,84.43,18,4,12.91,EG,1682409177
122,nova sintra,14.8667,-24.7167,68.04,77,0,17.58,CV,1682408967
123,mount isa,-20.7333,139.5,83.97,37,75,5.75,AU,1682409178
124,shanhecun,44.7,127.2,47.16,76,100,13.02,CN,1682409179
125,pimentel,-6.8367,-79.9342,77.29,83,0,9.22,PE,1682409180
126,luderitz,-26.6481,15.1594,72.1,60,0,8.81,NA,1682409180
127,masterton,-40.9597,175.6575,58.89,89,3,4.59,NZ,1682409156
128,veinticinco de mayo,-35.4323,-60.1727,55.98,97,100,2.8,AR,1682409182
129,holualoa,19.6228,-155.9522,73.24,89,75,4.61,US,1682408890
130,codajas,-3.8367,-62.0569,71.44,99,99,2.75,BR,1682409183
131,nyala,12.05,24.8833,98.42,18,61,6.64,SD,1682409184
132,touros,-5.1989,-35.4608,74.88,94,26,9.37,BR,1682409185
133,udachny,66.4167,112.4,28.45,63,100,16.53,RU,1682409185
134,sinop,41.7711,34.8709,52.23,51,4,4.94,TR,1682409186
135,kingston,17.997,-76.7936,76.15,89,75,2.3,JM,1682409112
136,lebu,-37.6167,-73.65,49.41,89,87,4.03,CL,1682409188
137,aykhal,66.0,111.5,26.06,83,100,20.0,RU,1682408895
138,lata,40.1629,-8.3327,59.07,67,93,2.77,PT,1682409189
139,st. john's,47.5649,-52.7093,34.79,95,100,18.99,CA,1682409042
140,kabalo,-6.05,26.9167,76.89,79,98,7.92,CD,1682409190
141,puerto deseado,-47.7503,-65.8938,51.94,71,95,16.93,AR,1682409084
142,saint-pierre,-21.3393,55.4781,79.57,78,99,10.36,RE,1682409191
143,tomatlan,19.9333,-105.25,66.76,84,98,2.37,MX,1682409192
144,howrah,22.5892,88.3103,91.4,55,40,4.61,IN,1682409193
145,bardai,11.65,7.2333,88.65,28,87,5.14,NG,1682409193
146,ulanhot,46.0833,122.0833,48.45,21,100,15.95,CN,1682409194
147,nha trang,12.25,109.1833,87.8,64,38,11.41,VN,1682409195
148,san bernardo del viento,9.3533,-75.9524,79.38,77,10,7.45,CO,1682409195
149,lagunillas,10.1301,-71.2595,77.13,79,98,7.61,VE,1682409196
150,mejit,10.2753,170.8646,81.43,81,100,21.45,MH,1682409197
151,vilyuchinsk,52.9306,158.4028,41.27,75,25,7.05,RU,1682409197
152,papatowai,-46.5619,169.4708,53.62,93,100,16.75,NZ,1682409198
153,ende,-8.8432,121.6623,81.64,86,87,3.51,ID,1682409198
154,dazhou,31.2159,107.5009,64.17,63,96,4.88,CN,1682409199
155,lincoln city,44.9582,-124.0179,45.7,92,13,1.99,US,1682409200
156,kununurra,-15.7667,128.7333,94.98,34,11,6.91,AU,1682409200
157,uliastay,47.7417,96.8444,51.66,21,100,12.64,MN,1682409201
158,port lincoln,-34.7333,135.8667,68.68,67,100,10.36,AU,1682408930
159,walvis bay,-22.9575,14.5053,63.55,82,0,0.0,NA,1682409203
160,vallenar,-28.5708,-70.7581,61.18,65,0,1.23,CL,1682409203
161,tanjung pandan,-2.75,107.65,84.7,72,77,3.56,ID,1682409204
162,paghman,34.5875,68.9533,64.89,27,26,6.06,AF,1682409205
163,nantucket,41.2835,-70.0995,48.25,98,100,5.75,US,1682408941
164,colonel hill,22.7667,-74.2167,76.57,75,13,14.09,BS,1682409206
165,bursledon,50.8866,-1.316,44.94,83,0,4.61,GB,1682409206
166,zaporizhia,47.8167,35.1833,57.67,63,100,5.17,UA,1682409207
167,santana,-0.0583,-51.1817,77.18,100,20,3.44,BR,1682409191
168,qaqortoq,60.7167,-46.0333,32.79,89,98,1.99,GL,1682409208
169,kill devil hills,36.0307,-75.676,55.98,68,0,6.91,US,1682408917
170,selfoss,63.9331,-20.9971,33.04,50,76,9.22,IS,1682408991
171,kemin,42.7846,75.6892,57.96,58,88,0.74,KG,1682409211
172,kenai,60.5544,-151.2583,35.69,62,100,3.44,US,1682409211
173,verkhnevilyuysk,63.4453,120.3167,29.89,87,100,6.35,RU,1682409212
174,huarmey,-10.0681,-78.1522,74.89,84,94,6.91,PE,1682408954
175,aasiaat,68.7098,-52.8699,20.79,100,100,6.24,GL,1682409213
176,revda,56.801,59.9303,65.52,33,0,12.95,RU,1682409214
177,east london,-33.0153,27.9116,70.74,78,75,9.22,ZA,1682409214
178,boguchany,58.3814,97.4531,42.91,93,100,6.73,RU,1682409215
179,ancud,-41.8697,-73.8203,53.01,92,100,12.37,CL,1682409216
180,gucheng chengguanzhen,32.266,111.6348,74.59,36,0,11.21,CN,1682409216
181,kilindoni,-7.9139,39.6668,80.38,83,99,15.21,TZ,1682409217
182,kailua-kona,19.6406,-155.9956,76.96,88,75,4.61,US,1682409218
183,tsiombe,-25.3,45.4833,80.92,45,15,6.62,MG,1682408990
184,las vegas,36.175,-115.1372,79.34,16,0,10.36,US,1682409135
185,olavarria,-36.8927,-60.3225,53.37,85,93,4.52,AR,1682409219
186,tidjikja,18.5564,-11.4271,83.46,14,0,11.59,MR,1682409220
187,coquimbo,-29.9533,-71.3436,53.33,100,0,9.22,CL,1682408732
188,queenstown,-31.8976,26.8753,70.97,32,47,2.24,ZA,1682409222
189,hammerfest,70.6634,23.6821,32.45,74,75,11.5,NO,1682409222
190,lycksele,64.5954,18.6735,33.67,51,100,9.22,SE,1682409223
191,hithadhoo,-0.6,73.0833,84.92,72,97,10.67,MV,1682408906
192,upington,-28.4478,21.2561,66.58,55,0,4.61,ZA,1682409224
193,hepo,23.4308,115.8299,72.75,80,97,5.28,CN,1682409225
194,palikir - national government center,6.9248,158.1611,79.54,83,100,4.61,FM,1682409226
195,livingston,55.9029,-3.5226,41.36,69,0,4.61,GB,1682409226
196,newman,37.3138,-121.0208,60.78,71,68,1.99,US,1682408881
197,vadso,70.0744,29.7487,33.96,64,20,29.93,NO,1682409228
198,hillsboro,45.5229,-122.9898,48.42,82,0,3.44,US,1682409002
199,rio grande,-32.035,-52.0986,68.07,90,100,14.27,BR,1682409229
200,sona,45.4388,10.8255,56.59,88,75,8.05,IT,1682409230
201,onega,63.9061,38.1404,38.08,73,46,5.28,RU,1682409230
202,flying fish cove,-10.4217,105.6791,80.53,78,80,9.46,CX,1682409231
203,avarua,-21.2078,-159.775,75.25,83,40,9.22,CK,1682409232
204,nsanje,-16.92,35.262,81.57,59,3,1.9,MW,1682409232
205,invercargill,-46.4,168.35,53.02,82,100,1.99,NZ,1682409233
206,senhor do bonfim,-10.4614,-40.1894,63.09,98,87,6.24,BR,1682409233
207,whitehorse,60.7161,-135.0538,30.97,74,20,3.44,CA,1682409203
208,moussoro,13.6408,16.4901,93.36,26,97,14.16,TD,1682409235
209,xucheng,20.35,110.1288,77.54,76,95,12.77,CN,1682409236
210,middle island,40.8843,-72.9373,48.25,81,0,5.75,US,1682409237
211,codrington,-38.2667,141.9667,67.3,59,100,3.85,AU,1682409237
212,las praderas,-3.3348,-79.7984,75.47,89,91,3.09,EC,1682409238
213,mili,6.0815,171.735,82.63,79,100,15.28,MH,1682409238
214,champerico,14.3,-91.9167,81.21,77,95,8.08,GT,1682409239
215,trat,12.5,102.5,93.4,55,96,10.76,TH,1682409240
216,waajid,3.8096,43.2463,86.81,55,100,11.23,SO,1682409240
217,petropavlovsk-kamchatsky,53.0452,158.6483,39.79,45,75,11.18,RU,1682409241
218,la'ie,21.6477,-157.9253,75.16,87,21,3.0,US,1682409242
219,khorugh,37.4897,71.553,50.11,44,99,2.17,TJ,1682409242
220,ondjiva,-17.0667,15.7333,80.55,50,2,6.06,AO,1682409243
221,aytos,42.7,27.25,56.62,71,100,10.09,BG,1682409243
222,bor,56.3567,44.0669,66.13,43,58,8.43,RU,1682409244
223,miandrivazo,-19.5167,45.4667,83.62,51,0,1.92,MG,1682409245
224,dimako,4.3833,13.5667,70.5,95,100,1.79,CM,1682409245
225,ponnani,10.767,75.9252,90.72,66,60,10.09,IN,1682409246
226,kimbe,-5.5502,150.1429,80.71,82,75,0.74,PG,1682409247
227,lensk,60.7253,114.9278,37.72,56,100,6.11,RU,1682409248
228,namestovo,49.4079,19.4803,44.98,100,100,2.3,SK,1682409248
229,eastham,41.8301,-69.9739,48.22,91,100,1.01,US,1682409250
230,grand falls-windsor,48.9332,-55.6649,30.51,90,100,3.0,CA,1682408925
231,bandarban,22.1965,92.2262,94.71,25,8,9.15,BD,1682409252
232,barah,13.7,30.3667,98.71,23,42,7.76,SD,1682409252
233,alenquer,-1.9417,-54.7383,73.26,96,99,2.57,BR,1682409253
234,bucerias,20.75,-105.3333,71.98,68,73,3.29,MX,1682409040
235,puerto leguizamo,-0.1934,-74.7819,69.49,96,99,2.04,CO,1682408975
236,cascais,38.6979,-9.4215,64.98,84,20,15.99,PT,1682409001
237,lompoc,34.6391,-120.4579,48.94,72,75,17.0,US,1682409040
238,yecla,38.6137,-1.1147,68.79,33,80,6.38,ES,1682409256
239,labuan,5.2767,115.2417,86.36,74,20,4.61,MY,1682409257
240,remire-montjoly,4.9167,-52.2667,73.44,100,100,2.3,GF,1682409257
241,kismayo,-0.3582,42.5454,84.04,73,100,7.11,SO,1682409258
242,rosamond,34.8641,-118.1634,66.25,40,0,20.71,US,1682409237
243,nova vicosa,-17.8919,-39.3719,74.08,89,54,8.86,BR,1682409259
244,vanimo,-2.6741,141.3028,82.0,82,87,6.42,PG,1682409260
245,the bottom,17.6259,-63.2492,75.33,75,34,9.42,BQ,1682409261
246,la passe,45.5549,-0.8967,53.04,87,100,5.08,FR,1682409262
247,labrador city,52.9463,-66.9114,24.71,93,0,2.3,CA,1682409262
248,quatre cocos,-20.2078,57.7625,85.08,73,18,11.14,MU,1682409263
249,dudinka,69.4058,86.1778,38.62,95,94,10.02,RU,1682409264
250,harper,4.375,-7.7169,82.09,82,88,5.77,LR,1682409264
251,ranam,41.7136,129.6844,50.2,75,100,6.64,KP,1682409265
252,manokwari,-0.8667,134.0833,82.72,74,32,1.86,ID,1682409266
253,'alaqahdari dishu,30.4374,63.313,95.02,8,100,11.99,AF,1682409266
254,ust'-ilimsk,58.0006,102.6619,47.7,59,100,7.09,RU,1682408944
255,rocha,-34.4833,-54.3333,60.98,97,100,5.32,UY,1682409267
256,cabo san lucas,22.8909,-109.9124,71.51,49,100,4.0,MX,1682408700
257,tangalle,6.024,80.7911,93.36,63,100,8.25,LK,1682409269
258,puerto baquerizo moreno,-0.9,-89.6,77.38,82,1,8.01,EC,1682409269
259,egersund,58.4513,5.9997,42.08,67,60,28.63,NO,1682409270
260,khandyga,62.6667,135.6,34.29,88,100,2.17,RU,1682409271
261,weno,7.4515,151.8468,83.39,74,97,6.33,FM,1682408898
262,eraan,9.0629,117.7016,85.35,72,54,2.62,PH,1682409272
263,san andres,12.5847,-81.7006,80.62,69,20,4.61,CO,1682409272
264,porto novo,6.4965,2.6036,82.22,65,81,2.48,BJ,1682409273
265,tolanaro,-25.0319,46.9987,78.87,65,20,10.36,MG,1682409274
266,klyuchi,52.2667,79.1667,49.8,31,99,11.07,RU,1682409274
267,kodiak,57.79,-152.4072,35.11,64,0,3.44,US,1682409275
268,ouadda,8.0777,22.4007,92.66,36,23,1.72,CF,1682409276
269,katabu,-4.9333,122.5167,82.04,86,75,4.74,ID,1682408905
270,berezovyy,51.6667,135.7,41.49,71,100,2.98,RU,1682409277
271,vilyuysk,63.7553,121.6247,29.75,83,100,3.38,RU,1682408881
272,cocal,-28.6167,-49.35,59.29,94,10,3.53,BR,1682409278
273,luanda,-8.8368,13.2343,80.6,89,75,3.44,AO,1682409279
274,nyurba,63.2842,118.3319,30.11,88,100,6.82,RU,1682409279
275,port blair,11.6667,92.75,91.44,62,40,8.05,IN,1682409280
276,branson,36.6437,-93.2185,52.32,82,100,10.36,US,1682409281
277,gurupa,-1.405,-51.64,71.96,99,100,1.95,BR,1682409282
278,hotan,37.0997,79.9269,78.39,8,9,8.61,CN,1682409283
279,ketchikan,55.3422,-131.6461,39.18,84,12,4.38,US,1682409283
280,enewetak,11.3474,162.3373,77.88,88,100,17.43,MH,1682409284
281,sechelt,49.4664,-123.7694,50.0,85,96,2.95,CA,1682409285
282,yatou,37.15,122.3833,56.43,53,33,11.65,CN,1682409286
283,la carlota,10.4233,122.9208,87.49,60,92,10.22,PH,1682409288
284,floro,61.5996,5.0328,41.23,52,40,13.8,NO,1682409288
285,raduzhnyy,62.0961,77.475,31.44,73,76,12.37,RU,1682409289
286,siracusa,37.0881,15.2792,67.37,53,97,9.06,IT,1682409289
287,tefe,-3.3542,-64.7114,70.59,99,100,1.61,BR,1682409290
288,callao,-12.0667,-77.15,73.72,83,0,10.36,PE,1682409291
289,dickinson,29.4608,-95.0513,65.16,81,20,5.01,US,1682409030
290,torredembarra,41.1451,1.3986,71.02,78,0,3.44,ES,1682409292
291,nikolayevsk-on-amure,53.1406,140.73,41.88,49,83,4.79,RU,1682409293
292,tver,56.8619,35.8931,63.23,44,15,5.03,RU,1682409293
293,salinas,36.6777,-121.6555,50.81,86,100,8.05,US,1682409294
294,west wodonga,-36.1257,146.8486,62.74,100,33,1.72,AU,1682409294
295,pemangkat,1.1667,108.9667,84.04,72,100,6.62,ID,1682409295
296,arteche,12.2645,125.4048,80.28,82,100,6.82,PH,1682409296
297,arraial do cabo,-22.9661,-42.0278,70.65,84,15,4.81,BR,1682408896
298,flekkefjord,58.2971,6.6607,44.94,67,73,14.5,NO,1682408924
299,fale old settlement,-9.3852,-171.2468,84.04,75,36,8.59,TK,1682408882
300,tromso,69.6496,18.957,32.02,59,0,4.61,NO,1682409298
301,shantobe,52.4581,68.1839,66.87,29,3,16.91,KZ,1682409299
302,uturoa,-16.7333,-151.4333,81.3,81,87,12.86,PF,1682408907
303,arafat,21.3594,39.9664,92.26,34,0,6.89,SA,1682409300
304,jean-rabel,19.8533,-73.1917,73.31,80,74,5.97,HT,1682409301
305,bowling green,36.9903,-86.4436,43.34,75,0,0.0,US,1682409166
306,kuqa,41.7278,82.9364,75.51,12,100,4.23,CN,1682409302
307,sinabang,2.4803,96.3801,85.75,68,100,4.16,ID,1682409303
308,vila franca do campo,37.7167,-25.4333,63.01,98,100,8.77,PT,1682409303
309,niquelandia,-14.4739,-48.4597,66.6,82,2,3.6,BR,1682409304
310,san antonio de pale,-1.4014,5.6325,83.25,72,100,7.92,GQ,1682408917
311,tibanbang,6.6315,126.1055,83.84,69,75,6.4,PH,1682409305
312,bobo-dioulasso,11.1771,-4.2979,82.85,57,0,4.61,BF,1682409306
313,borogontsy,62.6683,131.1683,32.61,89,100,3.6,RU,1682409307
314,ciudad guayana,8.3533,-62.6528,76.51,97,96,4.27,VE,1682409307
315,korsakov,46.6328,142.7813,51.64,45,3,10.04,RU,1682409308
316,puerto armuelles,8.2833,-82.8667,76.82,86,5,2.82,PA,1682409309
317,patti,31.2808,74.8572,91.47,9,58,0.69,IN,1682409309
318,al mijlad,11.0333,27.7333,96.49,27,10,5.66,SD,1682409310
319,soalkuchi,26.1681,91.5711,96.78,59,40,5.75,IN,1682409311
320,chipinge,-20.1883,32.6236,79.32,29,0,2.06,ZW,1682409311
321,weiser,44.251,-116.9693,44.8,73,0,1.01,US,1682409312
322,shimoda,34.6667,138.95,62.96,62,100,14.2,JP,1682409313
323,adrar,20.5022,-10.0711,80.1,16,0,8.32,MR,1682409313
324,baise city,23.8997,106.6133,67.64,64,100,3.13,CN,1682409314
325,mount gambier,-37.8333,140.7667,66.79,56,100,2.51,AU,1682409315
326,moengo,5.6167,-54.4,72.21,97,100,2.35,SR,1682409316
327,hammond,41.5834,-87.5,44.62,71,100,8.05,US,1682409316
328,constitucion,-35.3333,-72.4167,52.16,79,96,4.76,CL,1682408876
329,mazara del vallo,37.6641,12.588,66.94,71,48,8.79,IT,1682409318
330,gonzaga,44.9498,10.8209,57.31,71,100,5.73,IT,1682409318
331,north bend,43.4065,-124.2243,44.51,94,0,4.61,US,1682409319
332,pacasmayo,-7.4006,-79.5714,75.09,80,97,7.49,PE,1682409319
333,tralee,52.2704,-9.7026,42.24,73,100,8.16,IE,1682409320
334,midvagur,62.0511,-7.1939,34.63,55,100,16.11,FO,1682409321
335,vila velha,-20.3297,-40.2925,71.55,96,100,4.61,BR,1682409321
336,saudarkrokur,65.7461,-19.6394,29.41,57,34,3.78,IS,1682409322
337,aral,40.5156,81.2636,79.25,7,42,2.91,CN,1682409322
338,kavaratti,10.5669,72.642,82.98,66,100,5.41,IN,1682409323
339,lozova,48.8894,36.3176,50.04,92,100,7.85,UA,1682409324
340,funafuti,-8.5243,179.1942,86.0,84,20,2.3,TV,1682409324
341,rongelap,11.1635,166.8941,80.01,83,100,16.11,MH,1682409325
342,seven pagodas,12.6264,80.1722,95.05,63,57,11.99,IN,1682409326
343,myshkin,57.7897,38.4545,63.16,42,82,3.89,RU,1682409326
344,ringim,12.1548,9.1619,90.39,31,69,5.88,NG,1682409327
345,ipatovo,45.7181,42.9036,62.53,55,99,19.22,RU,1682409327
346,cuito,-12.3833,16.9333,70.39,66,34,5.5,AO,1682409328
347,al ghayzah,16.2079,52.176,89.69,51,8,11.41,YE,1682409329
348,ponta delgada,37.7333,-25.6667,63.32,94,75,3.44,PT,1682409196
349,brigantine,39.4101,-74.3646,50.0,72,0,5.75,US,1682409330
350,colonia,50.9333,6.95,48.13,76,20,8.05,DE,1682409330
351,chonchi,-42.6128,-73.8092,51.01,98,100,4.85,CL,1682409331
352,klaksvik,62.2266,-6.589,34.72,63,100,22.82,FO,1682409332
353,wakkanai,45.4094,141.6739,55.38,35,0,17.27,JP,1682409332
354,fort scott,37.8398,-94.7083,52.95,82,100,12.17,US,1682409333
355,kelibia,36.8476,11.0939,66.45,68,20,2.3,TN,1682409334
356,quebec,46.8123,-71.2145,42.06,94,100,13.8,CA,1682409168
357,port augusta,-32.5,137.7667,77.95,32,100,10.29,AU,1682408872
358,natal,-5.795,-35.2094,75.85,88,40,6.91,BR,1682409335
359,quibdo,5.6947,-76.6611,73.96,98,96,0.67,CO,1682409065
360,novodvinsk,64.4165,40.8122,33.55,80,40,4.79,RU,1682409337
361,crane,31.3974,-102.3501,57.27,79,63,22.08,US,1682409337
362,guozhen,34.3659,107.359,73.44,33,0,1.54,CN,1682409338
363,illizi,26.4833,8.4667,79.12,24,92,14.03,DZ,1682409339
364,sens,48.1667,3.3333,46.36,87,28,8.28,FR,1682409339
365,nizhniy kuranakh,58.8353,125.4869,33.66,64,100,7.2,RU,1682409340
366,severo-yeniseyskiy,60.3725,93.0408,30.78,93,100,10.98,RU,1682409340
367,palmer,42.1584,-72.3287,42.08,85,40,0.0,US,1682409086
368,susanville,40.4163,-120.653,46.24,50,0,8.05,US,1682409342
369,laojunmiao,39.8333,97.7333,64.15,10,22,12.75,CN,1682409342
370,hobyo,5.3505,48.5268,87.24,64,54,9.62,SO,1682409343
371,vega de alatorre,20.0333,-96.6333,73.74,90,100,3.29,MX,1682409344
372,al bawiti,28.3492,28.8659,81.41,22,99,11.21,EG,1682408959
373,aginskoye,51.1,114.53,52.02,11,95,8.86,RU,1682409345
374,sacueni,47.35,22.1,55.62,87,100,11.3,RO,1682409345
375,nabire,-3.3667,135.4833,83.35,77,54,3.18,ID,1682409346
376,calangute,15.5439,73.7553,87.8,63,0,11.45,IN,1682409347
377,shar,49.5886,81.0453,53.6,32,23,16.55,KZ,1682409347
378,aspen,39.1911,-106.8175,35.67,93,40,6.91,US,1682409348
379,santiago de cao,-7.9589,-79.2392,77.13,83,100,4.61,PE,1682409349
380,pinugay,14.5967,121.2623,88.86,63,35,11.99,PH,1682409349
381,carnarvon,-24.8667,113.6333,69.91,48,7,17.22,AU,1682409350
382,center,31.5107,-96.4247,59.81,70,40,8.05,US,1682409350
383,port hedland,-20.3167,118.5667,86.05,58,88,13.8,AU,1682409351
384,kurchum,48.5722,83.6542,54.64,34,10,19.17,KZ,1682409352
385,wanganui,-39.9333,175.05,60.6,78,37,15.99,NZ,1682409352
386,tommot,58.9564,126.2925,33.93,69,100,7.65,RU,1682409353
387,saint cloud,45.5608,-94.1625,33.78,67,0,3.44,US,1682409353
388,amahai,-3.3333,128.9167,83.1,79,48,2.19,ID,1682409354
389,tasqala,51.1167,50.3167,56.5,68,100,22.26,KZ,1682409355
390,xilin hot,43.9667,116.0333,43.5,17,0,16.84,CN,1682409355
391,kabinda,-6.1333,24.4833,71.4,83,100,4.92,CD,1682409356
392,yemetsk,63.4721,41.7941,38.25,83,100,2.62,RU,1682409357
393,ormara,25.2088,64.6357,81.0,74,100,15.12,PK,1682409357
394,el nido,11.1858,119.3956,85.6,66,63,5.73,PH,1682409358
395,horta,38.5333,-28.6333,62.24,96,75,13.8,PT,1682409358
396,lamar,33.6668,-95.5836,58.35,61,100,6.91,US,1682409359
397,ugoofaaru,5.6667,73.0,84.83,69,100,9.19,MV,1682408887
398,sirjan,29.452,55.6814,75.16,18,8,8.79,IR,1682409360
399,roma,43.2128,-75.4557,39.81,92,75,0.0,US,1682409361
400,saint-francois,46.4154,3.9054,47.68,83,100,10.36,FR,1682408733
401,amga,60.8953,131.9608,32.47,82,100,3.91,RU,1682409362
402,okhotsk,59.3833,143.3,33.6,86,79,3.56,RU,1682409363
403,al burayqah,30.4062,19.5739,67.01,69,0,13.31,LY,1682409364
404,page,36.9147,-111.4558,60.58,27,0,4.0,US,1682409064
405,port-vila,-17.7338,168.3219,76.6,83,20,3.44,VU,1682409365
406,tossa de mar,41.7325,2.9338,64.71,69,100,3.74,ES,1682409365
407,galliano,29.4422,-90.2992,68.0,64,0,9.22,US,1682409366
408,kelo,9.3086,15.8066,90.97,37,100,3.04,TD,1682409367
409,lagunas,-5.2269,-75.6753,72.21,99,100,2.62,PE,1682409368
410,ad dilam,23.9915,47.1627,90.01,26,34,9.91,SA,1682409369
411,mirpur sakro,24.5474,67.6277,98.35,19,100,11.63,PK,1682409369
412,ta`u,-14.2336,-169.5144,81.64,74,13,1.77,AS,1682409370
413,birjand,32.8663,59.2211,86.47,10,20,4.61,IR,1682409371
414,polyarnyy,69.1989,33.4478,30.33,72,0,21.43,RU,1682409371
415,sola,-13.8833,167.55,81.1,76,70,10.8,VU,1682409372
416,bemidji,47.4736,-94.8803,31.55,82,100,3.44,US,1682409373
417,pierre,44.3683,-100.351,37.85,61,40,15.01,US,1682409373
418,villanueva,15.3167,-88.0,78.04,100,40,2.3,HN,1682409374
419,itoman,26.1247,127.6694,77.77,72,40,8.05,JP,1682409375
420,alice springs,-23.7,133.8833,81.95,28,7,8.05,AU,1682408968
421,sandnessjoen,66.0217,12.6316,38.64,57,20,3.44,NO,1682409376
422,alesund,62.4723,6.1549,40.91,74,40,11.5,NO,1682408935
423,dharmadam,11.7833,75.4333,88.65,56,5,11.65,IN,1682409377
424,keetmanshoop,-26.5833,18.1333,68.92,64,0,3.44,NA,1682409378
425,castillos,-34.1667,-53.8333,63.25,94,99,6.15,UY,1682408947
426,sathupalli,17.2497,80.869,97.11,34,52,10.71,IN,1682409379
427,flin flon,54.7682,-101.865,28.56,84,98,6.02,CA,1682409380
428,kuching,1.55,110.3333,91.62,67,40,3.44,MY,1682409380
429,ilhabela,-23.7781,-45.3581,66.38,83,4,3.18,BR,1682409381
430,portland,45.5234,-122.6762,48.97,85,40,3.44,US,1682409321
431,konobeyevo,55.4064,38.6625,63.09,49,63,8.21,RU,1682409382
432,pitea,65.3172,21.4794,32.09,90,100,10.13,SE,1682409278
433,santa croce camerina,36.8289,14.5268,62.28,77,75,3.44,IT,1682409383
434,kloulklubed,7.0419,134.2556,84.7,70,24,3.56,PW,1682409384
435,uray,60.1247,64.7758,67.77,33,39,17.63,RU,1682409385
436,antalaha,-14.9003,50.2788,84.7,67,7,5.61,MG,1682409385
437,taulaga,-11.0553,-171.0883,83.5,74,50,5.82,AS,1682409386
438,maragogi,-9.0122,-35.2225,74.68,89,37,4.52,BR,1682409386
439,kerikeri,-35.2268,173.9474,55.9,86,0,4.27,NZ,1682409387
440,mossel bay,-34.1831,22.146,64.33,70,90,3.24,ZA,1682409388
441,weihai,37.5017,122.1136,54.41,49,95,3.53,CN,1682409388
442,scarborough,54.2797,-0.4044,42.78,81,35,3.0,GB,1682408703
443,coahuayana de hidalgo,18.7,-103.6583,71.04,92,87,2.95,MX,1682409389
444,novo aripuana,-5.1206,-60.3797,73.87,98,100,0.47,BR,1682409390
445,kirensk,57.7853,108.1119,45.39,50,72,4.07,RU,1682408999
446,kalkaman,51.9525,76.0211,57.02,43,95,9.84,KZ,1682409391
447,yuanping,38.7153,112.7575,59.97,16,0,17.78,CN,1682409392
448,pangody,65.85,74.4859,29.07,78,11,11.56,RU,1682409393
449,kapuskasing,49.4169,-82.4331,28.4,93,100,8.05,CA,1682409393
450,meadow lake,34.8014,-106.5436,56.12,59,100,0.4,US,1682409394
451,gamba,-2.65,10.0,77.85,89,100,5.57,GA,1682409395
452,nuevitas,21.5453,-77.2644,72.16,87,40,4.88,CU,1682409395
453,chandbali,20.7833,86.7667,94.41,41,10,11.45,IN,1682409396
454,keflavik,64.0049,-22.5624,36.03,64,75,13.8,IS,1682409397
455,nizhneudinsk,54.9076,99.0276,44.82,86,98,14.88,RU,1682409397
456,holyhead,53.3062,-4.6321,44.6,76,20,2.3,GB,1682409398
457,prince rupert,54.3161,-130.3201,42.49,87,100,14.97,CA,1682409342
458,saint-joseph,-21.3667,55.6167,78.48,79,100,3.6,RE,1682409399
459,timimoun,29.2639,0.231,81.43,14,4,7.76,DZ,1682408988
460,acarau,-2.8856,-40.12,75.45,87,64,8.16,BR,1682409400
461,egilsstadir,65.2653,-14.3948,26.51,80,100,8.05,IS,1682409402
462,villa corzo,16.1667,-93.25,68.7,75,83,2.84,MX,1682409402
463,clodomira,-27.5744,-64.1311,57.02,95,0,4.32,AR,1682409403
464,salta,-24.7859,-65.4117,55.99,91,75,1.01,AR,1682409404
465,tam ky,15.5667,108.4833,85.01,67,24,11.14,VN,1682409404
466,okondja,-0.6549,13.6753,79.99,80,100,0.27,GA,1682409405
467,wamba,8.9333,8.6,85.39,52,94,0.65,NG,1682409406
468,phan rang-thap cham,11.5667,108.9833,90.3,54,71,17.78,VN,1682408875
469,toliara,-23.35,43.6667,79.81,54,72,9.93,MG,1682408801
470,colchani,-20.3,-66.9333,37.9,30,0,6.82,BO,1682409408
471,tostado,-29.232,-61.7692,55.27,96,95,4.21,AR,1682409408
472,corner brook,48.9667,-57.9484,32.16,90,100,5.35,CA,1682409284
473,zonguldak,41.25,31.8333,64.63,36,62,1.97,TR,1682409409
474,vila do maio,15.1333,-23.2167,72.39,80,3,16.04,CV,1682409410
475,mana,5.6592,-53.7767,75.58,92,100,6.2,GF,1682409411
476,dapa,9.7594,126.0531,84.31,71,34,6.55,PH,1682409411
477,bandar,2.05,99.75,83.32,82,100,2.66,ID,1682409412
478,deder,9.3167,41.45,69.53,51,100,0.76,ET,1682409413
479,melfort,52.8667,-104.6177,35.73,64,100,5.75,CA,1682409413
480,pirallahi,40.4723,50.333,68.14,71,100,20.71,AZ,1682409414
481,zhosaly,45.4878,64.0781,72.77,17,13,24.81,KZ,1682409414
482,antsiranana,-12.2787,49.2917,88.56,62,40,6.91,MG,1682408965
483,reggane,26.7158,0.1714,85.6,11,0,18.05,DZ,1682409416
484,boa vista,2.8197,-60.6733,75.18,94,75,9.22,BR,1682408960
485,eirunepe,-6.6603,-69.8736,71.28,99,100,0.38,BR,1682409417
486,arauquita,7.0292,-71.4281,71.91,98,99,2.13,CO,1682409417
487,nova borova,50.693,28.6345,56.89,57,66,13.71,UA,1682409418
488,necochea,-38.5473,-58.7368,55.4,89,14,8.57,AR,1682409419
489,oliver,49.1831,-119.5524,53.51,43,56,5.75,CA,1682409419
490,opuwo,-18.0607,13.84,80.64,39,5,3.02,NA,1682409420
491,tete,-16.1564,33.5867,78.89,69,4,0.0,MZ,1682409421
492,viedma,-40.8135,-62.9967,57.94,66,0,12.01,AR,1682409421
493,salalah,17.0151,54.0924,87.89,66,0,11.5,OM,1682409139
494,agropoli,40.3469,14.9966,63.09,70,100,8.25,IT,1682409423
495,jimani,18.4917,-71.8502,78.69,82,52,2.55,DO,1682409423
496,raychikhinsk,49.7838,129.4121,45.32,24,100,15.32,RU,1682409424
497,sisimiut,66.9395,-53.6735,32.85,87,100,5.84,GL,1682408950
498,sao joao da barra,-21.6403,-41.0511,69.55,88,90,6.17,BR,1682409425
499,east ballina,-28.8667,153.5833,63.81,64,58,13.4,AU,1682409426
500,kas,36.2018,29.6377,67.77,59,0,3.83,TR,1682409426
501,santa vitoria do palmar,-33.5189,-53.3681,65.73,91,99,9.26,BR,1682409427
502,koysinceq,36.0821,44.6278,69.76,40,0,6.8,IQ,1682409428
503,cafayate,-26.073,-65.9761,53.4,86,3,0.54,AR,1682409428
504,arar,30.9753,41.0381,77.02,31,0,5.75,SA,1682409429
505,podgornoye,51.735,39.1496,50.22,100,100,8.95,RU,1682409430
506,dryden,49.7833,-92.7503,26.89,63,75,3.44,CA,1682409430
507,kiama,-34.6833,150.8667,68.58,79,0,1.99,AU,1682409431
508,boende,-0.2167,20.8667,85.1,56,57,3.42,CD,1682409431
509,haiku-pauwela,20.9219,-156.3051,73.04,83,75,5.75,US,1682409432
510,new plymouth,-39.0667,174.0833,60.57,100,31,19.48,NZ,1682409433
511,barra,-11.0894,-43.1417,71.08,72,6,4.59,BR,1682409433
512,kisanga,-7.4362,37.7034,80.28,81,100,4.03,TZ,1682409434
513,smara,26.7384,-11.6719,70.7,61,100,3.4,EH,1682409435
514,ola,59.5833,151.2833,33.33,80,100,18.79,RU,1682409435
515,rio san juan,19.6439,-70.0763,73.72,82,97,3.53,DO,1682409436
516,le vauclin,14.5452,-60.8388,76.84,94,0,3.44,MQ,1682409437
517,portage la prairie,49.9728,-98.2926,29.1,85,13,1.99,CA,1682409153
518,nueva gerona,21.8833,-82.8,78.01,69,59,1.57,CU,1682409438
519,chimore,-16.9833,-65.1333,69.39,96,69,1.77,BO,1682409439
520,port moresby,-9.4431,147.1797,85.42,79,40,18.41,PG,1682409439
521,luena,-11.7833,19.9167,74.7,66,64,6.4,AO,1682409440
522,maceio,-9.6658,-35.7353,74.64,100,75,6.91,BR,1682409441
523,sovetskaya gavan',48.9723,140.2878,41.56,58,100,8.1,RU,1682409441
524,rundu,-17.9333,19.7667,81.1,32,19,6.93,NA,1682409443
525,abu dhabi,24.4667,54.3667,95.11,18,0,4.61,AE,1682409318
526,nagqu,31.5,92.0,30.96,68,100,8.19,CN,1682409444
527,temiskaming shores,47.4938,-79.7153,31.8,96,100,6.78,CA,1682409445
528,montagu,-40.7667,144.9667,58.78,85,100,4.7,AU,1682409445
529,kone,-21.0595,164.8658,74.28,86,98,3.94,NC,1682409446
530,aioun,16.6614,-9.6149,87.06,11,5,11.7,MR,1682408972
531,fortuna,40.5982,-124.1573,49.66,88,95,2.62,US,1682409447
532,nangomba,-10.9,38.5,80.15,69,46,6.02,TZ,1682409448
533,dul'durga,50.6761,113.5931,54.09,13,82,11.21,RU,1682409448
534,banjarmasin,-3.3244,114.591,89.74,56,100,1.5,ID,1682409449
535,cidreira,-30.1811,-50.2056,68.72,88,2,15.28,BR,1682409450
536,mandera,3.9366,41.867,86.85,57,100,9.82,KE,1682409450
537,holzminden,51.828,9.4455,47.91,78,100,10.11,DE,1682409451
538,imaricho-ko,33.2667,129.8833,58.91,98,100,2.77,JP,1682409216
539,zhelezinka,53.54,75.3072,53.35,44,86,8.08,KZ,1682409452
540,urangan,-25.3,152.9,72.28,68,42,22.15,AU,1682409453
541,mabaruma,8.2,-59.7833,73.69,98,100,3.29,GY,1682409454
542,fagersta,60.0042,15.7932,34.45,97,100,4.79,SE,1682409454
543,taoudenni,22.6783,-3.9836,87.3,10,0,14.56,ML,1682408972
